index	source	kind	formalization_ready	points	source_page	solution_page	image_count	previous_part_count	current_question	answer
IChO_2026_1_A_1	IChO_2026_T1	theory	False	3.0	7	8	2	0	Identify X and Y.	X: 2 pt □1 □2 □3 □4 □5 ✓6 □7 □8 □9 □10 Y: 1pt □1 □2 ✓3 □4 □5 □6 □7 □8 □9 □10 1 pt will be given if student switched X and Y. Linalool (6) isomerises to cineole (3) in acidic solution as follows: 3.0 pt
IChO_2026_1_A_2	IChO_2026_T1	structure-drawing	False	4.0	8	9	2	0	Identify Z and draw the structures of substances A and B.	Chlorination of compound Z yields a monochlorinated product whose mass spectrum shows peaks at m/z 218 and 220 in a 3:1 ratio, characteristic of a molecule containing one chlorine atom (reflecting the natural abundance of 35Cl and 37Cl). Therefore, the molecular ion (M) of the 35Cl monochlorinated product is 218, indicating that the non-chlorinated precursor Z has a molecular mass of 184 (218 – 35 + 1 = 184). Compound A is azulene, a hydrocarbon distinguished by its deep blue colour – an uncommon property among organic molecules. Compound Z (𝑀= 184 𝑔mol−1) is identified as chamazulene. Upon heating, azulene (A) isomerises into naphthalene (B), a thermodynamically more stable isomer. Z: 1 pt □1 □2 □3 □4 □5 □6 ✓7 □8 □9 □10 1 pt for A 2 pt for B 4.0 pt
IChO_2026_1_A_3	IChO_2026_T1	theory	True	3.0	8	10	2	0	Determine the number of carbon atoms (𝑛) from the mass spec data and identify W. Show your calculations.	Since W gives a colour upon reaction with Fe3+, it contains a phenol group. Two possible candidates with phenol group are eugenol (C10H12O2) and zingerone (C11H14O3). From mass spec data: 0.989𝑛 0.989𝑛−1 × 0.011𝑛 = 9 (1) (n is the number of C atoms in W) 𝑛= 0.989 0.011 × 9 = 10 meaning that compound W has 10 carbon atoms. Thus, W is eugenol. □1 □2 □3 □4 ✓5 □6 □7 □8 □9 □10 1 pt for Equation 1 (other logically true equations to find carbons atoms will be also considered as true) 1 pt for carbon atoms (n) W: 1 pt If student struggled to find number of carbon atoms and choose one of the two options (zingerone or eugenol), 1 pt will be given 3.0 pt
IChO_2026_1_A_4	IChO_2026_T1	theory	False	4.0	8	11	2	0	Identify metal Q and compounds C ⋅𝑥H2O and D.	When NaF is added to the solution, precipitate C forms, which dissolves in an excess of NaF. This behaviour suggests the formation of a fluoride complex. Since D is used in the production of a metal, and only a few metals are obtained from fluoride complexes, the most probable candidates is aluminum. Considering, the ratio of Na:Q in D is 𝑎∶1 𝑀(Q) = 23𝑎 0.3285 × 0.1285 = 9𝑎 (2) Option a = 3, where Q is aluminum, perfectly fits the conditions. C ⋅𝑥H2O is most probably hydrate of aluminum fluoride. To find number of water molecules(𝑥), we can use mass fraction of water, 0.3916 = (1.008×2+16)×𝑥 (1.008×2+16)×𝑥+26.98+19×3, 𝑥= 3 Thus, C ⋅𝑥H2O is AlF3.3𝐻2𝑂. 𝑀(D) = 27 0.1285 = 210 𝑔mol−1 Thus, D is Na3AlF6. Q – Al C ⋅𝑥H2O – AlF3 ⋅3𝐻2𝑂 D – Na3AlF6 1 pt for Equation 2. 1 pt for each correct of Q, C, and D. 4.0 pt
IChO_2026_1_A_5	IChO_2026_T1	structure-drawing	False	7.0	8	12	2	0	Draw the structures of E, F, and G.	The highly symmetrical nature of the unknown compounds suggests that these are carboxylic derivatives of benzene, which form anhydrides when treated with phosphorus pentoxide. Thus, for G: C∶O = 50.02 12.01 ∶49.98 16 = 1.333 1 The corresponding minimum integer ratio is 4:3 (C4O3). Considering that F is a carboxylic acid and G is its anhydride, the presence of symmetry, and the aromatic nature of these compounds, one can propose that: G is C12O9, mellitic acid anhydride. F is C6(COOH)6, mellitic acid. Treatment of E with potassium permanganate leads to F (mellitic acid), indicating that E is a hexasubstituted benzene. 0.1118 = 1.008𝑥 1.008𝑥+ 12.01𝑦 (3) Solving this equation gives, x:y=9:6 Thus, the empirical formula of E is C6H9. The number of H atoms must be even, so, C12H18 or (C6(CH3)6) ideally fits the conditions. Thus, E is (C6(CH3)6). 0.5 pt for finding C:O ratio in G 2 pt for structure of G 2 pt for structure of F 0.5 pt for Equation 3 0.5 pt for empirical formula of E 1.5 pt for structure of E (full marks will be given if student did not show calculations but did find all structures correctly) 7.0 pt
IChO_2026_1_A_6	IChO_2026_T1	theory	True	4.0	9	13	2	2	Determine the chemical formulae of the stone and compound H using thermogravimetric data.	Thermogravimetric data indicate that the mineral is a hydrate, as it starts to lose mass at about 100 °C. Thus, the molecular formula of the stone would be Al2(C6(COO)6) ⋅𝑛H2O. Thus, 4.25 (1.008 × 2 + 16)𝑛= 5.75 26.98 × 2 + 12.01 × 12 + 16 × 12 (4) n = 16 The final decomposition product is most likely aluminum oxide. To confirm this: 1.50 𝑀 = 5.75 26.98 × 2 + 12.01 × 12 + 16 × 12 (5) M = 101.8 𝑔mol−1, which is very close to the molar mass of Al2O3. Thus, H - Al2O3 Stone: Al2(C6(COO)6) ⋅16H2O (Honeystone) 1 pt for Equation 4 1 pt for Equation 5 1 pt for the formula of the stone 1 pt for the formula of the compound H (full marks will be given if student found both formulae correctly without showing any equations). If student has incorrect Q and/or incorrect F then credit can be given only if they propose an alternative answer that is consistent with the data and chemically sensible. 4.0 pt
IChO_2026_2_A_1	IChO_2026_T2	chemical-equation	False	2.0	15	14	1	0	Write the overall balanced reaction equation of the Belousov-Zhabotinsky reaction (BZ reaction). Note: in this reaction, MA is oxidised to CO2, BrO− 3 is reduced to Br−, and Ce(IV) is a catalyst.	3CH2(COOH)2 + 4BrO− 3 →9CO2 + 4Br−+ 6H2O or 3CH2(COOH)2 + 4KBrO3 →9CO2 + 4KBr + 6H2O For fully correct reaction equation: 2 points. If only coefficient of H2O is wrong: 1 point. 2.0 pt
IChO_2026_2_A_2	IChO_2026_T2	theory	True	11.0	16	16	2	0	Using the steady-state approximation, calculate the stationary molar concentrations of HBrO2 in Processes A and B, [HBrO2]A and [HBrO2]B.	𝑑[BrO⋅ 2] 𝑑𝑡 = 2𝑘1[HBrO2][BrO− 3 ][H+] −𝑘2[BrO⋅ 2][Ce3+][H+] = 0 (eq.2.1) 𝑑[HBrO2] 𝑑𝑡 = −𝑘1[HBrO2][BrO− 3 ][H+]+𝑘2[BrO⋅ 2][Ce3+][H+]−2𝑘3[HBrO2]2 = 0 (eq.2.2) When adding equations 2.1 and 2.2 we get the following: 𝑘1[HBrO2][BrO− 3 ][H+] −2𝑘3[HBrO2]2 = 0 (eq.2.3) [HBrO2]𝐴= 𝑘1 2𝑘3 [BrO− 3 ][H+] (eq.2.4) [HBrO2]𝐴= 1.0×104 2×4.0×107 × 0.06 × 0.8 = 6.0 × 10−6 M The steady-state approximation for Process B: 𝑑[HBrO2] 𝑑𝑡 = −𝑘4[HBrO2][Br−][H+] + 𝑘5[BrO− 3 ][Br−][H+]2 = 0 (eq.2.5) [HBrO2]𝐵= 𝑘5 𝑘4 [BrO− 3 ][H+] (eq.2.6) [HBrO2]𝐵= 2.1 2.0×109 × 0.06 × 0.8 = 5.04 × 10−11 M [HBrO2]𝐴= 6.0 × 10−6 M [HBrO2]𝐵= 5.04 × 10−11 M For fully correct equations 2.1, 2.2 and 2.5: 2 points each. If only one incorrect coefficient in front of the rate constant in equations 2.1, 2.2 and 2.5: 1 point each. For corresponding equations 2.3, 2.4 and 2.6: 1 point each. For calculated [HBrO2]A and [HBrO2]B values: 1 point each. For correct calculation without formula derivation: full marks. 11.0 pt
IChO_2026_2_A_3	IChO_2026_T2	theory	True	4.0	17	17	2	1	Calculate [Br−]critical.	During the switching process the following equality is observed: 𝑘1[HBrO2][BrO− 3 ][H+] = 𝑘4[HBrO2][Br−][H+] (eq.3.1) [Br−]𝑐𝑟𝑖𝑡𝑖𝑐𝑎𝑙= 𝑘1 𝑘4 [BrO− 3 ] (eq.3.2) [Br−]𝑐𝑟𝑖𝑡𝑖𝑐𝑎𝑙= 1.0×104 2.0×109 ⋅0.06 = 3.0 × 10−7 M [Br−]𝑐𝑟𝑖𝑡𝑖𝑐𝑎𝑙= 3.0 × 10−7 M For fully correct equation 3.1: 1 point. For fully correct equation 3.2: 2 points. For calculated [Br−]critical value: 1 point. For correct calculation without formula derivation: full marks. 4.0 pt
IChO_2026_2_A_4	IChO_2026_T2	classification	False	2.0	17	18	2	0	In which direction in the phase portrait of [HBrO2] vs [Br−] will the concentrations of [HBrO2] and [Br−] change over time? Tick the correct box.	As the process should be cyclic and not converge in equilibrium points, options c and d do not fit this criterion. If 𝑟1 > 𝑟4 (relatively low concentration of bromide) Process B switches to Process A, otherwise if 𝑟1 < 𝑟4 (relatively high concentration of bromide) Process A switches to Process B. During process A concentration of bromide increases (due to conjugate process C), while during process B it decreases. So the right option should account for the change in concentrations in such a way that fits this scenario. Therefore, the correct answer is a clockwise phase portrait. Only for correct answer: 2 points. 2.0 pt
IChO_2026_2_A_5	IChO_2026_T2	theory	True	9.0	17	19	2	2	Calculate based on the data the period of oscillations, 𝜏, of the BZ reaction, in seconds.	From the conditions of the problem, it can be understood that the period of oscillations, 𝜏(s), is equal to the time it takes for the concentration of bromide to decrease from the maximum to the critical value. The decrease in bromide concentration occurs during Process B. Let's write a kinetic equation for the change of [Br−] considering [Ce4+] ≈0 →𝑘7 [Ce4+] [BMA] ≈0 (eq.5.1) during Process B: −𝑑[Br−] 𝑑𝑡 = 𝑘4[HBrO2][Br−][H+] + 𝑘5[BrO− 3 ][Br−][H+]2 (eq.5.2) −𝑑[Br−] 𝑑𝑡 = (𝑘4[HBrO2]𝐵[H+] + 𝑘5[BrO− 3 ][H+]2) [Br−] = 𝑘∗[Br−] where 𝑘∗= 𝑘4[HBrO2]𝐵[H+] + 𝑘5[BrO− 3 ][H+]2 (eq.5.3) Thus, we obtain a first order kinetic equation. For this equation: 𝑘∗= 2.0 × 109 × 5.04 × 10−11 × 0.8 + 2.1 × 0.06 × 0.82 = 0.16128 s−1 [Br−]𝑐𝑟𝑖𝑡𝑖𝑐𝑎𝑙= [Br−]𝑚𝑎𝑥⋅𝑒−𝑘∗𝜏 𝜏= ln([Br−]𝑚𝑎𝑥/[Br−]𝑐𝑟𝑖𝑡𝑖𝑐𝑎𝑙) 𝑘∗ (eq.5.4) 𝜏= ln(7.0×10−4/(3.0×10−7)) 0.16128 𝑠−1 = 48 s For values [HBrO2]B = 1.0 × 10−10 M and [Br−]critical = 1.0 × 10−7 M: 𝑘∗= 2.0 × 109 × 1.0 × 10−10 × 0.8 + 2.1 × 0.06 × 0.82 = 0.24064 s−1 𝜏= ln( [Br−]𝑚𝑎𝑥 [Br−]𝑐𝑟𝑖𝑡𝑖𝑐𝑎𝑙) 𝑘∗ = ln(7.0×10−4/(1.0×10−7)) 0.24064 s−1 = 37 s For correct equations 5.1, 5.2 and 5.3: 2 points each. For correct equation 5.4: 1 point. For calculated 𝑘∗value: 1 point. For calculated 𝜏value: 1 point. For correct calculation without formula derivation: full marks. 9.0 pt
IChO_2026_2_A_6	IChO_2026_T2	classification	False	4.0	18	20	3	1	What will be the effect if the following actions (1-4) are performed on an open system where a BZ reaction is taking place? Tick only one box (a-e) for each case. 1. Adding of small amount of Ce4+ during Process A. 2. Adding of a small amount of Ag+ during Process B. 3. Adding of a small amount of Br− during Process B. 4. Continuous addition of Br−. [ a ] prolongs Process A [ b ] prolongs Process B [ c ] Process A switches to Process B [ d ] Process B switches to Process A [ e ] oscillations stop	[a] [b] [c] [d] [e] 1. × 2. × 3. × 4. × 1. “Adding of small amount of Ce4+ during Process A” will lead to the formation of Br−in Process C, there will be 𝑟1 < 𝑟4 and “[ c ] Process A switches to Process B”. 2. “Adding of small amount of Ag+ during Process B” will lead to precipitation of AgBr, there will be 𝑟1 > 𝑟4 and “[ d ] Process B switches to Process A”. 3. “Adding of small amount of Br−during Process B” will lead to increase in [Br−]max value, accordingly, the time required to reduce [Br−]max to [Br−]critical will be extended, so it will “[ b ] prolongs Process B”. 4. “Continuously adding of Br−" will lead to the concentration of Br−always being above the [Br−]critical value and Process B never switching to Process A, so it will “[ e ] stop oscillations”. For correct answers: 1 point each. 4.0 pt
IChO_2026_2_A_7	IChO_2026_T2	classification	False	3.0	18	21	2	0	Which graph qualitatively illustrates the rate of change of Gibbs energy (𝑑𝐺 𝑑𝑡) of a closed system in which an oscillatory reaction occurs? Tick the correct box.	In the oscillatory reaction, the Gibbs energy exhibits oscillatory behavior over time, rather than decreasing monotonically as in most typical chemical reactions. In closed systems, the oscillations dampen over time →the system eventually reaches equilibrium (d𝐺 d𝑡= 0). dG must be less than 0 every time. So, correct answer is last one: For correct answer: 3 points. For ticking middle left box which describes d𝐺 d𝑡of a non-oscillatory reaction in a closed system: 1 point. 3.0 pt
IChO_2026_3_A_1	IChO_2026_T3	theory	True	2.0	25	22	1	0	Determine the empirical formula of COF-1 and calculate the mass percentage (%, to two decimal places) of carbon in COF-1.	The empirical formula of COF-1 is C9H4BO2, its elemental composition is C – 12.01⋅9 12.01⋅9+4⋅1.008+10.81+32 ⋅100% = 69.77%; C: 69.77% Empirical formula: C9H4BO2 1 pt for empirical formula. No penalty for [C9H4BO2]𝑛 1 pt for C mass fraction. no penalty if integer values are used for atomic masses 2.0 pt
IChO_2026_3_A_2	IChO_2026_T3	theory	True	3.0	26	23	2	0	Calculate the internal diameter, d, in Å, of the honeycomb for COF-2, with the following assumptions: • C–C/C=C (arenes) = 1.39 Å • C–B = 1.56 Å • B–O = 1.38 Å • Note, the diameter of a circle, 𝑑, inscribed inside a hexagon, is given by 𝑑= √3𝑎, where 𝑎is the side length of the hexagon. • Neglect the width of the linkers.	For COF-2, 𝑎= 2 ⋅𝐵−𝑂+ 2 ⋅𝐶−𝐶+ 2 ⋅𝐶−𝐵= 8.66 𝑑= √3𝑎= 15.0 𝑑= 2𝑟= 15.0 d = 15.0 Å 3 pt for correct d 2 pt if only a is given 1 pt if only correct formula is given 3.0 pt
IChO_2026_3_A_3	IChO_2026_T3	table-completion	False	23.0	28	25	2	0	Fill all the table cells with either new examples of monomer combinations that give the topologies shown above or with “XXX” if you are certain that no additional combinations satisfy that topology. Both the combinations and the “XXX” entries will be graded. Incorrect answers (both combinations and “XXX” entries) will be penalised. Blank table cells will not be graded. Tetragonal 1 Tetragonal 2 Hexagonal 1 Hexagonal 2 Trigonal Kagome Tetrahedral A2 + B3 E1 + D2 C2 + D4	Visual-answer notice: the official solution contains essential ticks, structures, tables, graphs, or equations that PDF plain-text extraction may omit. Consult the cited solution PDF page. Tetragonal 1 Tetragonal 2 Hexagonal 1 Hexagonal 2 Trigonal Kagome Tetrahedral A2+B3 E1+D2 C2+D4 C3+D4 XXX A1+B2 A1+B3 C1+D1 A3+B2 C1+D3 A2+B1 XXX C1+D2 XXX XXX XXX A4+B2 E1 + D4 in Hexagonal 1 is considered correct 2 pt for correct combination in correct topology 1 pt for XXX in correct topology -1 pt for incorrect placing of X or combination 0 pt for acetal from the correct combination only 0 pt for blank box 23.0 pt
IChO_2026_3_A_4	IChO_2026_T3	structure-drawing	False	12.0	28	27	2	1	Draw the repeat units for COFs 3–6. Indicate the edges of each repeat unit with a dashed line as shown for COF-1 below.	Visual-answer notice: the official solution contains essential ticks, structures, tables, graphs, or equations that PDF plain-text extraction may omit. Consult the cited solution PDF page. 2 pt for each of COF-3 and COF-5. 1 pt for correct structure with wrong defined repeat unit. 4 pt for each of COF-4 and COF-6. 2 pt for correct structure with wrong defined repeat unit. 12.0 pt
IChO_2026_3_A_5	IChO_2026_T3	structure-drawing	False	6.0	29	28	2	0	Draw the smallest repeat unit of macrocycle X.	Visual-answer notice: the official solution contains essential ticks, structures, tables, graphs, or equations that PDF plain-text extraction may omit. Consult the cited solution PDF page. 6 pt for repeat unit X. -2 pt for imine product. -2 pt if aldehyde is not shown. -2 pt if fluorines are missing. 6.0 pt
IChO_2026_3_A_6	IChO_2026_T3	theory	True	12.0	30	30	2	0	Calculate the π-π stacking energy between two layers of one repeat unit of COF-8, for the AA, AB and AB' arrangements. Assume π-π stacking happens only between aromatic units.	COF-8 represents hexagonal 2 topology. Each repeat unit contain 4 benzene and 1 triazine rings. For AA and AA’ stacking modes there will be 4 b-b and 1 t-t interactions. For AB each repeat unit will have 1 b-t interactions as shown below for AB’ arrangement (hexagons is redrawn to show all interactions). Thus, calculations will be as follows: Interaction number Interaction energy, kJ mol−1 Total energy, kJ mol−1 b-b b-t t-t b-b b-t t-t AA 4 0 1 −7.9 −49.8 −6.7 −38.3 AA' 4 0 1 −12.6 −55.6 −16.7 –67.1 AB 0 1 0 −7.9 −49.8 −6.7 −49.8 AB' 0 1 0 −12.6 −55.6 −16.7 –55.6 𝐴𝐴∶4 ⋅(−7.9) + 1 ⋅(−6.7) = −38.3 kJ mol−1 𝐴𝐵∶1 ⋅(−49.8) = −49.8 kJ mol−1 𝐴𝐵′ ∶1 ⋅(−55.6) = −55.6 kJ mol−1 (AB') interlayer stacking mode energy matches slipped benzene-triazine π-π stacking. 4 pt for each correct total energy in AA, AB, AB' 12.0 pt
IChO_2026_3_A_7	IChO_2026_T3	theory	True	5.0	31	31	2	0	Calculate the equilibrium absorption capacity at a given temperature (𝑞𝑒) in mg g−1 of COF-9. Indicate the number of UO2+ 2 ions absorbed per pore. Assume that all uranium exists as UO2+ 2 ions.	𝑞𝑒= 𝐶0 −𝐶𝑒 𝑚⋅𝐿 𝑞𝑒= 19.90 mg dm−3 −9.225 mg dm−3 5.000 ⋅10−3 g ⋅200.0 ⋅10−3 dm3 = 427.0 mg g−1 Since one repeating unit (C36H27N9O3) represents one pore, the molar ratio of the COF-9 pore to UO2+ 2 : 1.000𝑔 633.67𝑔∶427.0 ⋅10−3𝑔 270.03𝑔 = 1 ∶1 COF-9 pore : UO2+ 2 = 1:1 2 pt for 𝑞𝑒. 3 pt for correct molar ratio between pore and uranium. 1 pt if only correct molar mass of repeating unit is given. 5.0 pt
IChO_2026_4_A_1	IChO_2026_T4	theory	True	2.0	37	32	1	0	Calculate the atomic abundance of 235U in natural uranium, assuming it consists only of isotopes 235U (235.04 a.u.) and 238U (238.05 a.u.).	Using the average atomic mass of uranium from the Periodic Table as 238.03 a.u., and isotope masses as 235.04 a.u. for 235U and 238.05 a.u. for 238U, we can calculate the atomic abundance, 𝑥, of 235U. Equation: 238.03 = 𝑥× 235.04 + (1 −𝑥) × 238.05 (1) 238.03 = 235.04𝑥+ 238.05 −238.05𝑥 238.03 −238.05 = 𝑥(235.04 −238.05) −0.02 = 𝑥(−3.01) 𝑥= −0.02 −3.01 = 0.00664 = 0.66% The atomic abundance of 235U in natural uranium is approximately 0.66%, which is a slightly lower estimate compared to the commonly accepted value of about 0.72%, influenced by rounding and exact values used. The atomic abundance of 235U is 0.66% 2 points total: 1 point for equation (1); 1 point for the correct answer. 2.0 pt
IChO_2026_4_A_2	IChO_2026_T4	chemical-equation	False	3.0	37	33	1	0	Write the nuclear reaction equations for (a), (b), and (c).	Reaction (a): 11 5 B + 4 2𝛼→14 7 N + 1 0n Reaction (b): 𝛾+ 2 1D →1 1H + 1 0n Reaction (c): 9 4Be + 4 2𝛼→12 6 C + 1 0n 3 points total: 1 point for each full and correct equation. 3.0 pt
IChO_2026_4_A_3	IChO_2026_T4	chemical-equation	False	3.0	38	34	2	0	Write the most common nuclear fission equation for splitting of 235U upon neutron absorption. The pair of elements formed in this reaction are in the same group of Periodic Table.	Let us presume that total atomic mass of elements in the fission products is ∑𝐴= 235+1−3 = 233 There are two maxima on the graph at 𝐴= 93 and 𝐴= 140, which sum up to 233. Thus, there are only two fission products beside neutrons considered in the question. To find the atomic numbers we use conservation of charge and come to equation: 𝑥+𝑦= 92 with 𝑥and 𝑦denoting atomic numbers of elements. These elements are in the same group, the intervals between them may be 2, 8, 18, 32, and 50. Let’s solve the equation for those parameters: 𝑥+ (𝑥+ 𝑎) = 92 where 𝑎= 2, 8, 18, 32, 50 𝑥= 45, 𝑦= 47 (𝑅ℎ, 𝐴𝑔, 𝑎= 2) 𝑥= 42, 𝑦= 50 (𝑀𝑜, 𝑆𝑛, 𝑎= 8) 𝑥= 37, 𝑦= 55 (𝑅𝑏, 𝐶𝑠, 𝑎= 18) 𝑥= 30, 𝑦= 62 (𝑍𝑛, 𝑆𝑚, 𝑎= 32) 𝑥= 21, 𝑦= 71 (𝑆𝑐, 𝐿𝑢, 𝑎= 50) Technically, Sc-Lu pair might do it, but there is no evidence for such high mass number isotope of scandium (𝐴= 93), so the only reasonable answer is Rb and Cs. Equation of nuclear fission reaction: 235 92 U + 1 0n →93 37Rb + 140 55 Cs + 31 0n 3 points total: 0.6 point for each correct atomic mass of two elements (1.2 points). If the student provides the sum of the atomic masses of two elements they will also be given 1.2 points. 0.6 point for each correct element (1.2 points). 0.6 point for nuclear fission reaction equation. 3.0 pt
IChO_2026_4_A_4	IChO_2026_T4	theory	True	2.0	38	34	2	1	Calculate the energy released in this reaction (ΔE, MeV), if the binding energy 𝐵𝐸(235U) = 7.59 MeV/nucleon and average binding energy for fission products 𝐵𝐸(fis.) = 8.45 MeV/nucleon. Neglect the binding energy of free neutrons.	Δ𝐸= 8.45 × 233 −7.59 × 235 = 185.20 MeV Released energy: 185.2 MeV 2 points for the correct answer and relevant calculations; 1 point may be given for the right formula but the wrong answer. 2.0 pt
IChO_2026_4_A_5	IChO_2026_T4	theory	True	2.0	38	35	2	0	Determine the average number of collisions required, n𝑐, to slow a neutron from 2 MeV to 0.012 eV, using water as the moderator. 𝜉(water)=0.948	𝑛𝑐= ln( 𝐸𝑖𝑛𝑖𝑡𝑖𝑎𝑙 𝐸𝑓𝑖𝑛𝑎𝑙) 𝜉 = 19.97 ≈20 2 points for the correct answer 20. 1 point may be given for the right formula but the wrong answer. 2.0 pt
IChO_2026_4_A_6	IChO_2026_T4	theory	True	2.0	38	35	2	0	Calculate Δ𝑟𝐻∘ 298 (kJ mol−1) for one mole of methane combustion reaction at 298 K. Assume all species are gaseous. Use the thermodynamic data below	Balanced reaction: CH4(𝑔) + 2O2(𝑔) → CO2(𝑔) + 2H2O(𝑔) Δ𝑟𝐻∘ 298 = [Δ𝑓𝐻∘(CO2) + 2Δ𝑓𝐻∘(H2O)] −[Δ𝑓𝐻∘(CH4) + 2Δ𝑓𝐻∘(O2)] Δ𝑟𝐻∘ 298 = ([−393.5 + 2(−241.8)] −[−74.8 + 0])kJ mol−1 = −802.3 kJ mol−1 Molar enthalpy of methane combustion at 298 K, Δ𝑟𝐻298 = −802.3 kJ mol−1 2 points for the correct answer; 1 point if the answer is incorrect but the calculation of difference in enthalpies of products and reagents exists. 2.0 pt
IChO_2026_4_A_7	IChO_2026_T4	theory	True	2.0	39	36	2	1	Calculate Δ𝑟𝐻2000 (kJ mol−1) per mole of methane combustion reaction at 2000 K. Assume all species are gaseous.	Assume constant heat capacities. Δ𝐻(𝑇) = Δ𝐻(298 𝐾) + Δ𝐶𝑝(𝑇−298 𝐾) Δ𝐶𝑝= [𝐶𝑝(CO2) + 2𝐶𝑝(H2O)] −[𝐶𝑝(CH4) + 2𝐶𝑝(O2)] Δ𝐶𝑝= [37 + 2(34)] −[35 + 2(29)] = 12 J mol−1 K−1 Δ𝑟𝐻∘ 2000 = −802.3 kJ mol−1 + (12Jmol−1K−1)(1702 𝐾) 1000 = −781.876 kJ mol−1 Δ𝑟𝐻∘ 2000 = −781.9 kJ mol−1 For a given value of Δ𝑟𝐻∘ 298 = −750 kJ/mol alternative answer will be: Δ𝑟𝐻2000 = −781.9 𝑘𝐽𝑚𝑜𝑙−1 Δ𝑟𝐻∘ 2000 = −750 kJ mol−1 + (12 J mol−1K−1)(1702 K) 1000 = −729.576 kJ mol−1 Δ𝑟𝐻2000 = −729.6 kJ mol−1 2 points total: 1 point for the correct heat capacity change calculation. 1 point for the correct enthalpy calculation at 2000 K. 2.0 pt
IChO_2026_4_A_8	IChO_2026_T4	theory	True	2.0	39	36	2	1	Calculate the total energy released per day, 𝐸, (in J day−1) by complete isothermic combustion of methane at T = 2000 K	Using the flow as a gas volume measured at 1 atm and 298 K: 𝑛= 𝑃𝑉 𝑅𝑇= 101325 Pa×2.2×105 m3 8.314 J mol−1 K−1×298 K = 9.00 × 106 mol day−1 Total combustion energy released daily = 7.04 × 1012 J day−1 For provided Δ𝑟𝐻2000 = −700 kJ mol−1 the answer = 6.30 × 1012 J day−1 2 points for the correct answer. 1 point if the answer is incorrect but the relevant calculation exists. 2.0 pt
IChO_2026_4_A_9	IChO_2026_T4	theory	True	4.0	39	37	2	2	Using the value from 4.4, calculate the total number of fissions, TN, during the nuclear explosion. Calculate the mass, m, of enriched uranium used in the explosion (in kg), assuming it contained 90% by mass of the 235U isotope, and 33% of the 235U underwent fission. If you did not get an answer for 4.4, use Δ𝐸= 200 MeV.	Explosion energy 𝐸= 30.0 × 103 ton × 4.184 GJ ton−1 = 1.2552 × 1014 J Using energy per fission from 4.4: 185.2 MeV × 1.602 × 10−13 J MeV−1 = 2.967 × 10−11 J 𝑇𝑁= 𝐸 𝐸fission = 1.2552×1014 2.967×10−11 = 4.23 × 1024 fissions 𝑛(235𝑈) = 𝑁 𝑁𝐴= 4.27×1024 6.022×1023 mol−1 = 7.03 mol 𝑚= 7.03 mol × 235.04 g mol−1 = 1.65 × 103 g = 1.65 kg Accounting that enriched uranium contains 90% of 235U isotope and only 33% is undergoing decay process: 1.67 0.9×0.33 = 5.56 kg 𝑇𝑁= 4.23 × 1024 fissions 𝑚= 5.56 kg 4 points total: 2 points for the correct number of fissions; 1 point if the answer is incorrect but the relevant calculation exists. 2 points for the correct mass of enriched uranium; 1 point if the answer is incorrect but the relevant calculation exists. 4.0 pt
IChO_2026_5_A_1	IChO_2026_T5	classification	True	1.0	44	39	1	0	Tick one correct statement regarding the value of n (number of type a fragments). (a) n is an even number, (b) n is an odd number, (c) n can be either an odd or an even number.	Each bond involves two atoms, so the total number of atoms with broken bonds (indicated by the wavy line on the fragments of the molecule) must be an even number. For fragments with a known number of repeats in the PL1 molecule, the total number of atoms with broken bonds is 17 (2·2 + 3·3 + 4). Thus the total number of hydrogen atoms with broken bonds must be an odd number. Therefore, n is an odd number. Correct answer: 1 point. 1.0 pt
IChO_2026_5_A_2	IChO_2026_T5	structure-drawing	False	6.0	45	40	2	1	Draw the structure of one enantiomer of PL1. Draw the structure of Y in a way that shows the stabilisation that explains the difference between 𝑝𝐾𝑎1 and 𝑝𝐾𝑎2. Use the abbreviation R for the fatty acid residues.	Visual-answer notice: the official solution contains essential ticks, structures, tables, graphs, or equations that PDF plain-text extraction may omit. Consult the cited solution PDF page. To obtain the diastereomer of PL1 with a plane of symmetry, we must construct a symmetric structure from the given fragments. Glycerol backbones can only be linked through phosphate groups since there is no peroxide bond present. The number of glycerol moieties suggests that one glycerol occupies the central position with the remaining fragments arranged around it to achieve an overall plane of symmetry. The number of a fragments in PL1 is n = 3·3 – 2·2 – 4 = 1. So, PL1 has 𝑑2𝑐−𝑏−𝑐(𝑎) −𝑏−𝑐𝑑2 skeleton. Two options, presented below, can have a plane of symmetry: The PL0 structure is achiral, so it cannot be PL1. All possible stereoisomers of PL1 are as follows: SOLUTION: Enantiomer 2 is found in prokaryotes and eukaryotes. These organisms use glycerol 3-phosphate for cardiolipin synthesis, while archaea use glycerol 1phosphate for this purposes and synthesise enantiomer 1: 6.0 pt SOLUTION: PL1 For drawing of enantiomer 1 or 2 as PL1: 4 points. For drawing the correct structure of PL1 with wrong or missing stereochemistry: 3 points. For drawing achiral PL0 structure: 2 points. Any other structure that uses exactly 1×a, 2×b, 3×c, 4×d and contains no peroxide bond: 1 point. Intramolecular hydrogen bond between the phosphoric acid residue and the alcohol group significantly reduces the 𝑝𝐾𝑎2 value. For any correct tautomer of Y: 2 points. For a tautomer of Y (not shown above) with a hydrogen bond between the two phosphate groups: 1 point Correctly drawn structures with incorrect PL1 structure are also accepted. For structures containing hydrogen bond between phosphoric acid residues and esters 0 point, because they are possible for each phosphoric acid residue even in molecular form and don’t make difference between 𝑝𝐾𝑎1 and 𝑝𝐾𝑎2.
IChO_2026_5_A_3	IChO_2026_T5	theory	True	4.0	46	42	3	2	Determine the molecular formula of the fatty acid (RCOOH), if the non-ionised form of PL1 contains 255 𝜎and 𝜋bonds between atoms in total. Support your answer with calculations. If you were unable to find the structural formula of PL1, you can use a-d fragments from 5.1.	Correct scheme of reductive ozonolysis of RCOOH is as follows: So, 𝑁𝐶=𝐶= 2. If we take R as 𝐶𝑥𝐻𝑦, then: y=(2x+1)-𝑁𝐶=𝐶∙2=2x-3.(eq.3.1) Then the formula for calculating the number of bonds in PL1 can be written as follows: 0.5∙1+5∙2+11.5∙3+4∙(3+2x+0.5y)=255, 4x+y=99.(eq.3.2) Combining eq.3.1 and eq.3.2: 4x+y=4x+2x-3=6x-3=99 ⟹x=17, y=31. RCOOH −C17H31COOH or C18H32O2 For correct eq.3.2: 2 points. For correct number of double bonds: 1 point. For correct formula of C17H31COOH: 1 point. 4.0 pt
IChO_2026_5_A_4	IChO_2026_T5	theory	True	2.0	46	43	3	1	Determine the molecular formula of X. Support your answer with calculations.	During determination of the iodine number, the following reaction takes place: The iodine number of RCOOH and the iodine mass fraction in the adduct are described as follows: 181.0 = 𝑁C=C×253.8 𝑀RCOOH × 100 ⇒𝑀RCOOH 𝑁C=C = 140.2 0.3657 = 𝑁C=C×126.9 𝑀RCOOH+𝑁C=C×(126.9+𝐴Hal) ⇒𝐴Hal = 79.9 g mol−1. So, X is iodine monobromide, IBr. If X was molecular iodine (I2), then: 𝜔𝐼= 𝑁C=C×253.8 𝑀RCOOH+𝑁C=C×253.8 = 0.6441 which is incorrect. For correct formula of X: 1 point. For correct calculations: 1 point. 2.0 pt
IChO_2026_5_A_5	IChO_2026_T5	classification	False	2.0	46	44	2	0	Which lipid phase is formed by PL1 when both acid residues in it are protonated? Note that knowledge of PL1 structure is not required to solve this question. Tick the correct answer. (a) micellar (b) lamellar (c) hexagonal (d) inverse hexagonal	PL1 has 4 acyl chains but only 2 phosphate head groups, so its tail volume is already large relative to the head group — which is why the dianion is lamellar, not micellar/hexagonal. Protonating both acidic groups shrinks the head group further (loss of charge and its water shell), tipping the balance even more toward the tails. Starting from lamellar, this shift leads to the inverse hexagonal phase. Correct answer is (d). Only for correct answer: 2 point. 2.0 pt
IChO_2026_5_A_6	IChO_2026_T5	structure-drawing	False	3.0	47	46	4	2	Draw the structures of PL2 and PL3 using R to show the fatty acid residues. Show stereochemistry where appropriate.	Visual-answer notice: the official solution contains essential ticks, structures, tables, graphs, or equations that PDF plain-text extraction may omit. Consult the cited solution PDF page. The hydrolysis of PL1 proceeds through breaking of 8 ester bonds, which requires 8 water molecules. So, PL2 also contains all these ester bonds and has the same skeleton with PL1 and the residue of molecule Z needs to be located in the centre of PL2 due to its symmetry: In the case of Z reducing the number of covalent bonds, leads to decreasing numbers of C, H or O atoms: - removing each C atom decreases the number of covalent bonds by 3; - removing a pair of H atoms forms a C=C or C=O double bond, which reacts with 𝐻2 in presence of catalyst; - removing each O atom decreases the number of covalent bonds by 1. Thus, Z is propane-1,3-diol: it contains only C, H, and O; does not react with H2 in the presence of a catalyst; has one fewer covalent bond; and is more symmetrical than glycerol. Note that replacing OH with H makes the PL2 molecule more symmetrical – a 𝐶2 rotation axis appears: This diastereomer of these enantiomers isn’t chiral due to its symmetry plane. PL3 needs to be synthesised from the same precursors and via the same metabolic pathways as PL1. So, it can be one of the following enantiomers: 3.0 pt SOLUTION: The right structure is typical of prokaryotes and eukaryotes, while the left one is possible for archaea. PL3 demonstrates the structure of phosphatidic acid derivatives such as phosphatidylcholine. SOLUTION: For correct structure of PL2 with correct stereochemistry: 2 points. For correct structure of PL2 with incorrect stereochemistry: 1 point. For the structure of PL2 with a keto group in the central position: 1 point. For correct structure of PL3 without any stereochemistry: 1 point. For structure of PL3 with monoethyl phosphate in central position: 1 point Correctly drawn structures corresponding to PL1 in answer to 5.2 are also accepted.
IChO_2026_6_A_1	IChO_2026_T6	table-completion	False	10.0	52	48	1	0	Based on Hückel’s rule, fill in the table with the number of distinct aromatic (A) and anti-aromatic (AA) 𝜋-systems present in each of C18, C16, 3C13, and 1C13. Fill in all blanks.	Number of Rings C18 C16 3C13 1C13 A 2 0 0 1 AA 0 2 0 1 For C18 and C16: 2 pts each. If both A and AA correct: 2 pts If one correct, one blank: 1 pt If one correct, one wrong: 0 pt Both wrong: 0 pt For triplet C13 and singlet C13: 3 pts each If both A and AA correct: 3 pts If one correct, one blank: 2 pt If one correct, one wrong: 1 pt Both wrong: 0 pt 10.0 pt
IChO_2026_6_A_2	IChO_2026_T6	structure-drawing	False	11.0	52	49	1	0	Draw structures B-D. Note they may contain one or more unpaired electrons. The structure of A is given as an example.	Visual-answer notice: the official solution contains essential ticks, structures, tables, graphs, or equations that PDF plain-text extraction may omit. Consult the cited solution PDF page. A B C D A is given to the students. B is worth 4 points. 1 pt awarded to incorrect structure with 3 Cl. 1 pt awarded to incorrect structures with 2 alkynes in 1,5-relationship, indicating understanding of retro-Bergman. -1 pt if radicals missing or incorrect. C is worth 3 points. Full points also given to alternating single and triple bonds. 1 pt awarded to incorrect structure with 1 Cl. -1 pt if radicals missing or incorrect. D is worth 4 points. 1 pt awarded to incorrect structure with 5 Cl. 1 pt awarded to incorrect structures with two alkynes in 1,5-relationship, indicating understanding of retro-Bergman. -1 pt if radicals missing or incorrect. 11.0 pt
IChO_2026_6_A_3	IChO_2026_T6	classification	True	2.0	53	50	2	0	The voltages applied during the AFM-mediated synthesis of C𝑛may vary. Using the given C–X bond energies, choose the possible halogen(s) in the halogenated reagent for C18 synthesis via a retro-Bergman reaction with a voltage of 2.5 V acting on the electrons. Bond (C–X) Bond Dissociation Energy / kJ mol−1 C–F 467 C–Cl 346 C–Br 290 C–I 228	First, we need to convert eV to kJ mol−1: 𝐸𝑔𝑖𝑣𝑒𝑛[kJ mol−1] = 2.5 × (1.602 × 10−19 × 6.022 × 1023)/1000 kJ mol−1 (1) 𝐸𝑔𝑖𝑣𝑒𝑛= 2.5 ⋅96.485 kJ mol−1 = 241.2 kJ mol−1 (2) The only candidate with 𝐵𝐷𝐸≤𝐸𝑔𝑖𝑣𝑒𝑛is the C–I bond. X = I 1 point for unit transformation, 1 point for correct halogen choice. (2 pts awarded if I is chosen with no working) 0 pts for other halogens or more than one halogen chosen. 2.0 pt
IChO_2026_6_A_4	IChO_2026_T6	theory	True	12.0	53	51	2	0	In the mass spectrum obtained, four intense peaks were observed m/z: 591, 783, 879, and 1174. Suggest the identity of these ions. Use integer atomic masses and assume no fragmentation happened. The ion corresponding to m/z = 591 is given as an example.	Molecular weight of E is 590 (C40H34N2O3). Molecular weight of C48 is 576. The first signal is given and corresponds to [E+H]+. The catenane with one molecule of E would yield signal m/z 1161 which does not match with given signals. Hence we should consider the probability of di- and tri-catenation as well as dication and trication formation (question clearly states positive mode): m/z +1H+ +2H+ +3H+ C48E 1167 584 389.7 C48E2 1757 879 586.3 C48E3 2347 1174 783 Therefore, 783 and 1174 peaks correspond to tri-catenane [C48E3 + 3H]3+ and [C48E3 + 2H]2+ ions. Peak at 879 corresponds to dicatenane dication[C48E2 + 2H]2+. m/z 591 783 879 1174 [E + H]+ [C48E3+3H]3+ [C48E2+2H]2+ [C48E3+2H]2+ 4 points for each correct ionic species. No partial credit as other answers will not have correct m/z ratios. 12.0 pt
IChO_2026_6_A_5	IChO_2026_T6	structure-drawing	False	24.0	54	53	2	1	Draw the structures of F-L.	Visual-answer notice: the official solution contains essential ticks, structures, tables, graphs, or equations that PDF plain-text extraction may omit. Consult the cited solution PDF page. F G H I J K L 24.0 pt RUBRICS: F: 4 pts G: 3 pts H: 3 pts I: 4 pts J: 3 pts K: 3 pts L: 4 pts Error carry forward can be awarded if the desired reactivity is shown and the chemistry is sensible. -1 pt for each mistake in a part of the molecule not undergoing reaction. For F and J, the di-anion of the product or salts (OLi/ONa) will be accepted for full credit. For H, the mono-anion of the product or salt (OLi) will be accepted for full credit.
IChO_2026_6_A_6	IChO_2026_T6	structure-drawing	False	20.0	55	56	3	1	Draw the structures of M-R.	Visual-answer notice: the official solution contains essential ticks, structures, tables, graphs, or equations that PDF plain-text extraction may omit. Consult the cited solution PDF page. M N O Q R 20.0 pt RUBRICS: M: 4 pts Substitution pattern should be determined with information on four types of proton. 1 pt for any structure with one t-Bu group. 3 pt for structure with t-Bu added at both ortho positions, 1 pt for any other structure with two t-Bu groups. N: 4 pts 4 pts if amine is given instead of the aldehyde (Delepine reaction). Does not affect the grading of the rest of the parts. 1 pt if Br instead of aldehyde. O: 4 pts Q: 4 pts R: 4 pts - 1 pt if double bonds in porphyrin drawn incorrectly, this penalty will be applied at most once. - 2 pt if Zn is missing, this penalty will be applied at most once.
IChO_2026_6_A_7	IChO_2026_T6	theory	True	4.0	56	58	4	1	Based on Hückel’s rule, find the minimum number of electrons, n(e), from P6 that should be removed to achieve global aromaticity. Write the total number of π electrons, n(t), in the global aromatic system.	We should count electrons around the abbreviated structure of P6 as shown below: The total number of 𝜋-electrons is 14 × 6 = 84 in the ground state. To achieve global aromaticity by Hückel's rule, we need 4𝑛+ 2 𝜋-electrons. The minimum number of 𝜋-electrons that need to be lost is two electrons and the total number of 𝜋-electrons is 82. n(e) 2 n(t) 82 4 pts for fully correct. 2 pts if total number of electrons is wrong but it satisfies Hückel's 4𝑛+ 2 rule. No partial points for the loss of two electrons. 4.0 pt
IChO_2026_7_A_1	IChO_2026_T7	classification	False	3.0	63	60	1	0	Tick the gases contained in M1 and M2; and tick the correct relationship between 𝑥and 𝑦.	Visual-answer notice: the official solution contains essential ticks, structures, tables, graphs, or equations that PDF plain-text extraction may omit. Consult the cited solution PDF page. CH4 H2O CO O2 H2 N2 NH3 CO2 M1 ✓ ✓ ✓ M2 ✓ ✓ ✓ 𝑥> 𝑦 𝑥= 𝑦 𝑥< 𝑦 ✓ For composition of M1: 1 pt For two correct ticks: 0.5 pt; If only one correct tick given: 0.25 pt -0.25 pt penalty for each incorrect tick, but not below 0 pt. For composition of M2: 1 pt; For two correct ticks: 0.5 pt; If only one correct tick given: 0.25 pt -0.25 pt penalty for each incorrect tick, but not below 0 pt. For relationship: 1 pt. 3.0 pt
IChO_2026_7_A_2	IChO_2026_T7	theory	True	8.0	63	61	1	1	Calculate the mass of CH4 (tons) required annually to produce 660, 000 tons of ammonia, if the Navoiazot operates according to the Fig. 1.	𝑛(NH3) = 6.6⋅1011 17 = 3.88 ⋅1010 mol 𝑛(N2, init.) = 3.88⋅1010 2⋅0.97 = 2 ⋅1010 mol 𝑛(H2, init.) = 3 ⋅2 ⋅1010 = 6 ⋅1010 mol 𝑛(O2) = 2 ⋅1010 ⋅1 4 = 5 ⋅109 mol 1 ⋅1010 5 ⋅109 1 ⋅1010 2 ⋅1010 2CH4 + O2 → 2CO + 4H2 𝑥 𝑥 3𝑥 CH4 + H2O → CO + 3H2 𝑥+ 1 ⋅1010 𝑥+ 1 ⋅1010 CO + H2O → CO2 + H2 6 ⋅1010 = 2 ⋅1010 + 3𝑥+ 𝑥+ 1 ⋅1010 𝑥= 7.5 ⋅109 𝑚(CH4) = (7.5 ⋅109 + 1 ⋅1010) ⋅0.016 ⋅10−3 = 280, 000 tons m(CH4)−−280,000 tons For 𝑛(NH3): 0.5 pt, for n 𝑛(N2, 𝑖𝑛𝑖𝑡.): 0.5 pt, for 𝑛(H2, 𝑖𝑛𝑖𝑡.): 0.5 pt, for 𝑛(O2, 𝑖𝑛𝑖𝑡.): 0.5 pt, for correct equation to calculate 𝑛(CH4): 3 pt, for 𝑛(CH4) from equation: 1 pt, for 𝑚(CH4): 2 pt. 8.0 pt
IChO_2026_7_A_3	IChO_2026_T7	theory	True	15.0	64	63	2	1	a) Calculate the amount of nitrogen, present in the system after the 58th cycle (before the addition of 59th portion of mixture), if 𝑛0 = 4 mol. Provide 4 decimal places. Hint: a formula for the sum of the terms of a geometric progression is needed. b) Calculate the number of cycles needed to increase the overall yield from 15.0% to 97.0%.	Each time, along with the unreacted gases, a stoichiometric mixture of N2 and H2 is added to the synthesis reactor. Let's define 𝑓𝑛as the number of moles of N2, which are present in the reactor after the reaction and before adding the next portion. For moles of N2, the following recurrence relation is obtained: 𝑓𝑛= (𝑛0 4 + 𝑓𝑛−1)(1 −𝜂), 𝑓1 = (1 −𝜂)𝑛0 4 (2 pt each) Applying the relation and using 𝑛0 = 4, we obtain: 𝑓2 = (1 + 𝑓1)(1 −𝜂) = (1 −𝜂) + (1 −𝜂)2 𝑓3 = (1 + 𝑓2)(1 −𝜂) = (1 −𝜂) + (1 −𝜂)2 + (1 −𝜂)3 𝑓4 = (1 + 𝑓3)(1 −𝜂) = (1 −𝜂) + (1 −𝜂)2 + (1 −𝜂)3 + (1 −𝜂)4 ... 𝑓𝑛= (1 −𝜂) + (1 −𝜂)2 + (1 −𝜂)3 + (1 −𝜂)4 + … + (1 −𝜂)𝑛= 𝑛 ∑ 𝑖=1 (1 −𝜂)𝑖(2 pt) = (1 −𝜂)1 −(1 −𝜂)𝑛 1 −(1 −𝜂) = ( 1 𝜂−1) (1 −(1 −𝜂)𝑛) (2 pt) a) After using the numerical values, we can easily calculate 𝑓𝑛= 5.6662 (2 pt) If student calculated the answer by calculating every single 𝑓𝑛and got the final answer correctly, full marks for the answer are given, but 0 for the equations. For any other reasonable solution, giving the correct answer, full mark will be given. b) Over n cycles, n moles of nitrogen have entered the system: 1 −𝜂𝑓𝑖𝑛𝑎𝑙= ( 1 𝜂−1) (1 −(1 −𝜂)𝑛) 𝑛 (3 pt) When 𝜂= 0.15 and 𝜂𝑓𝑖𝑛𝑎𝑙= 0.97, the exact answer is n = 188.9, so the required number of cycles is 189 (2 pt). Note: this equation can be easily converted to a linear one by mentioning that (1 −(1 −𝜂)𝑛) ≈1, which is practically true after n = 30. For any other reasonable solution, giving the correct answer, full marks will be given. 𝑛= ___189____ Total: 15 pt 15.0 pt
IChO_2026_7_A_4	IChO_2026_T7	chemical-equation	False	3.0	64	64	2	0	Write the equation for this reaction.	CO2 + H2O + (CH3)N(CH2CH2OH)2 −−−→(CH3)NH(CH2CH2OH)2+ + HCO3− 3 pt Any other reasonable reactions will be credited partially. 3.0 pt
IChO_2026_7_A_5	IChO_2026_T7	structure-drawing	False	6.0	65	64	2	1	Draw the structure of 5 using simplified scheme for the ligand. Note that 1.00 g of 4 will react stoichiometrically with 94.97 cm3 of N2 at 273.15 K and 1.0 bar.	Visual-answer notice: the official solution contains essential ticks, structures, tables, graphs, or equations that PDF plain-text extraction may omit. Consult the cited solution PDF page. 𝑛(N2) = 𝑃𝑉 𝑅𝑇= 100 × 0.09497 8.314 × 273.15 = 4.182 × 10−3 mol 𝑛(4) = 1.00 g 597.824 g mol−1 = 1.673 × 10−3 mol 𝑛(N2) 𝑛(4) = 4.182 × 10−3 1.673 × 10−3 = 2.5 Thus, one molecule of the complex absorbs 2.5 moles of nitrogen, which means that two molecules of the complex absorb 5 molecules of nitrogen. For calculating the ratio of nitrogen and complex: 3 pt, for correct structure (stereochemistry is not marked): 3 pt, for any other structures, fitting the ratio: 1 pt If student found CORRECT structure but did not show calculations, full marks will be given. 6.0 pt
IChO_2026_7_A_6	IChO_2026_T7	classification	False	6.0	65	66	2	0	Rank the following Red/Ad combinations A-D by the decrease in ammonia yield.	B>C>D>A=0 A = 0: NiCp2 at −0.09 V is below the reductant threshold, so no NH3 is produced. B>C: B benefits from a slightly higher 𝑝𝐾𝑎: stronger acids favour hydrogen evolution. It can be seen from the table as well (3 vs 4). (2 pt) C>D: Switching from OTf−to Cl−causes a large suppression because of the stronger coordination. This is shown in the table (2 vs 3). (2 pt) D>A: D gives small non-zero yield — Cl−suppresses heavily but the strong reductant and good 𝑝𝐾𝑎sustain some catalytic turnover (2), when A gives zero. (2 pt) Total: 6 pt 6.0 pt
IChO_2026_7_A_7	IChO_2026_T7	theory	False	13.0	66	67	3	2	Identify the empirical formulae of 7 – 10. Specify the composition of anions S and T.	For binary nitride Z3N𝑛(we can suggest nitrogen as trivalent for the start): 𝑤(N) = 14.007 × 𝑛(N) 14.007 × 𝑛(N) + 𝑀(Z) × 3, so 𝑀(Z) = 14.007 3 ( 1 𝑤(N) −1) × 𝑛 For analysing mass fraction data let's create a table: n 𝑀(Z7) 𝑀(Z8) 𝑀(Z9) 1 46.30 20.03 7.02 2 92.61 40.07 (Ca3N2) 14.04 3 138.909 (LaN) 60.105 21.063 4 185.21 80.14 28.08 (Si3N4) 5 231.52 100.18 35.11 6 277.82 120.21 42.13 7 324.12 140.24 49.15 8 370.42 160.28 56.19 After calculations and the use of the common chemical sense we get only 3 possibilities: 7 = LaN, 8 = Ca3N2, 9 = Si3N4. Now let’s convert mass ratios to molar ones: 𝑛(LaN) ∶𝑛(Ca3N2) ∶𝑛(Si3N4) ∶𝑛(SiO2) 5.09 138.91+14.01 ∶ 2.96 40.07⋅3+14.01⋅2 ∶ 3.27 28.08⋅3+14.01⋅4 ∶ 1 28.08+16.00⋅2 = 10 ∶6 ∶7 ∶5 So, the reaction of formation of 10 looks like: 10 LaN + 6 Ca3N2 + 7 Si3N4 + 5 SiO2 ⟶… Thus, the formula of 10 should be La10Ca18Si26N50O10. T should have a tetrahedral configuration, which is really unlikely for both nitrogen and oxygen, so anion T should have the formula SiX4𝑛−(𝑋might be different). As we need to have two identical monoatomic anions, which cannot be obtained from one atom of nitrogen, T = SiO3N5−, S = O2−. So, the final answer is 10 = La5Ca9(O)2(NSiO3)[Si12N24]. for 7, 8, 9: 3 pt each (for 9 = Li3N 1 pt); for 10: 4 pt if both S and T are emphasised, 2 pt for empirical formula. 13.0 pt
IChO_2026_8_A_1	IChO_2026_T8	chemical-equation	False	2.0	72	68	1	0	Write the half equation for the reduction of CO2 to CO in an acidic medium.	CO2 + 2H+ + 2𝑒−→CO + H2O 2 points for a fully correct reaction equation. 2.0 pt
IChO_2026_8_A_2	IChO_2026_T8	structure-drawing	False	16.0	72	69	1	1	Draw the structures of 3-7.	Visual-answer notice: the official solution contains essential ticks, structures, tables, graphs, or equations that PDF plain-text extraction may omit. Consult the cited solution PDF page. Both resonance structures 5.1 and 5.2 are correct answers. 4 points for each correctly drawn structure of 3, 4, and 5.1 or 5.2. 2 points for each correctly drawn structure of 6 and 7. Half of the marks will be given for the alternative reasonable structures, as shown above. 16.0 pt
IChO_2026_8_A_3	IChO_2026_T8	classification	False	2.0	72	70	1	0	Tick the correct geometry for the structure of 1.	Visual-answer notice: the official solution contains essential ticks, structures, tables, graphs, or equations that PDF plain-text extraction may omit. Consult the cited solution PDF page. The pyridine donor groups are planar in ligand 8, thus, the final configuration of ligand 8 should also be in one plane around the metal in complex 1. There is only one option that corresponds to this complex. 2 points for the only correct answer. 2.0 pt
IChO_2026_8_A_4	IChO_2026_T8	structure-drawing	False	29.0	73	72	2	1	Draw the structures of 9-15. Use the cartoon structure for ligand 8 shown above. For 9-15, specify the oxidation state, 𝑂𝑆, coordination number, 𝐶𝑁, and number of valence electrons, 𝑉𝐸, of Fe, along with the total charge of corresponding complex structures, 𝑍. Note: Some information is provided on the answer sheet.	Visual-answer notice: the official solution contains essential ticks, structures, tables, graphs, or equations that PDF plain-text extraction may omit. Consult the cited solution PDF page. The catalytic cycle is presented below. In this part of the task, the arrangement of ligand 8 is not graded as long as it corresponds to the one around the metal complex in the previous part of the task (to avoid double punishment). For each correct OS, CN, and VE: 0.5 points. For each correctly drawn structure of 9-15: 3 points. –0.5 points for each structure (9–15) in which the total charge is not correct. 29.0 pt ￿
IChO_2026_8_A_5	IChO_2026_T8	theory	True	5.0	73	74	2	0	Calculate the number of catalytic molecules per nm2, 𝑁𝑐𝑎𝑡, of C3N4 loaded with 1, when the mass fraction of catalyst, 𝜔𝑐𝑎𝑡= 3.8%, if the specific surface area of C3N4 is 17.8 m2 g−1. M𝑐𝑎𝑡= 557.21 g mol−1.	In 1 nm2 there is 1 17.8×1018 = 5.618 × 10−20 g C3N4. The catalytic loading formula is 𝑚cat 𝑚cat+𝑚𝐶3𝑁4 × 100% = 3.8%. If we find 𝑚cat from here it will be 𝑚cat = 2.219 × 10−21 g. The molar mass of catalyst is 557.21 g mol−1 →𝑁= 2.219×10−21 557.21 ×6.02×1023 = 2.4. 3 points for using the specific surface area of 17.8 m2g−1 for the 𝐶3𝑁4/1 mixture and, calculating 𝑁cat as 2.3. 5 points for the correct 𝑁𝑐𝑎𝑡value. 5.0 pt
IChO_2026_8_A_6	IChO_2026_T8	theory	True	10.0	73	74	2	1	Calculate the quantum yield, 𝜑(%), for CO formation.	𝑚1,cat 𝑚1,cat+0.01 × 100% = 3.8% →𝑚cat = 3.95 × 10−4 g. 𝑛= 3.95×10−4 557.21 = 7.089 × 10−7 mol. 𝑟CO = 7.089×10−7×8×6.02×1023 3600 = 9.48 × 1014 s−1 𝐸𝑝ℎ𝑜𝑡𝑜𝑛= ℎ𝑐 𝜆= 5.1 × 10−19 J 𝑟𝑝ℎ𝑜𝑡𝑜𝑛= 50×10−3 5.1×10−19 = 9.8 × 1016 s−1 𝜑= 𝑛𝑢𝑚𝑏𝑒𝑟𝑜𝑓𝑟𝑒𝑎𝑐𝑡𝑒𝑑𝑒𝑙𝑒𝑐𝑡𝑟𝑜𝑛𝑒𝑠 𝑛𝑢𝑚𝑏𝑒𝑟𝑜𝑓𝑖𝑛𝑐𝑖𝑑𝑒𝑛𝑡𝑝ℎ𝑜𝑡𝑜𝑛𝑠⋅100% = 𝑟𝐶𝑂⋅2 𝑟𝑝ℎ𝑜𝑡𝑜𝑛⋅100% (eq.8.6.1) 𝜑= 9.48×1014×2 9.8×1016 ⋅100% = 1.94% 2 points for 𝑟CO value. 2 point for 𝐸𝑝ℎ𝑜𝑡𝑜𝑛value. 2 point for the correct photon flux 𝑟𝑝ℎ𝑜𝑡𝑜𝑛. 2 points for eq.8.6.1. 2 point for the correct 𝜑value. 10.0 pt
IChO_2026_8_A_7	IChO_2026_T8	classification	False	2.0	74	75	2	2	How does the overall rate of CO formation per gram of C3N4 loaded with 1 change with increasing 𝜔𝑐𝑎𝑡? Tick the correct box. a) increases b) decreases c) doesn't change	Visual-answer notice: the official solution contains essential ticks, structures, tables, graphs, or equations that PDF plain-text extraction may omit. Consult the cited solution PDF page. a b c × 2.0 pt
IChO_2026_8_A_8	IChO_2026_T8	classification	False	4.0	75	77	2	0	Tick which of the four conditions, mentioned above, corresponds to a, b, c and d in the diagram.	Visual-answer notice: the official solution contains essential ticks, structures, tables, graphs, or equations that PDF plain-text extraction may omit. Consult the cited solution PDF page. N R G B a × b × c × d × 1 point for each correct tick -1 point for each incorrect tick The overall score for this part will not be negative. 4.0 pt
IChO_2026_8_A_9	IChO_2026_T8	theory	True	12.0	76	79	2	0	Calculate the percentage of quenching, 𝜂𝑞, (in %) of S1 and T1 states, when [Red] = 0.1 M. Note: here 𝑘𝐹>>𝑘𝐼𝑆𝐶.	The decay process of the S1 excited state can be represented by the following equation: −𝑑[𝑆1] 𝑑𝑡 = (𝑘𝐹+ 𝑘𝐼𝐶+ 𝑘𝐼𝑆𝐶) × [𝑆1] ≈(𝑘𝐹+ 𝑘𝐼𝐶) × [𝑆1] (eq.8.10.1) According to the formula for the lifetime of the reagent in a 1st order reaction ⇒𝜏0 = 1 𝑘𝐹+𝑘𝐼𝐶 The decay process of the T1 excited state can be represented by the following equation: −𝑑[𝑇1] 𝑑𝑡 = (𝑘𝑃+ 𝑘𝑁+ 𝑘𝑅𝐼𝑆𝐶) × [𝑇1] ⇒𝜏0 = 1 𝑘𝑃+𝑘𝑁+𝑘𝑅𝐼𝑆𝐶 (eq.8.10.2) In the presence of the Red, 𝑆1 is reductively quenched by Red, and the fraction of quenched molecules is as follows: 𝜂𝑞= 𝑘𝑠[𝑆1][𝑅𝑒𝑑] (𝑘𝐹+𝑘𝐼𝐶)[𝑆1]+𝑘𝑠[𝑆1][𝑅𝑒𝑑] = 𝑘𝑠𝜏0[𝑅𝑒𝑑] 1+𝑘𝑠𝜏0[𝑅𝑒𝑑] (eq.8.10.3) 𝜂𝑞= 2.7×109×2.9×10−9×0.1 1+2.7×109×2.9×10−9×0.1 = 0.44 (𝑜𝑟44%) In the presence of the Red, 𝑇1 is reductively quenched by it and fraction of quenched molecules as follows: 𝜂𝑞= 𝑘𝑇[𝑇1][𝑅𝑒𝑑] (𝑘𝑃+𝑘𝑁+𝑘𝑅𝐼𝑆𝐶)[𝑇1]+𝑘𝑇[𝑇1][𝑅𝑒𝑑] = 𝑘𝑇𝜏0[𝑅𝑒𝑑] 1+𝑘𝑇𝜏0[𝑅𝑒𝑑] (eq.8.10.4) 𝜂𝑞= 1.5×108×84×10−6×0.1 1+1.5×108×84×10−6×0.1 = 0.999 (𝑜𝑟99.9%) 2 points for each correctly derived equations 8.10.1-8.10.4. 2 points for each correct 𝜂𝑞value. 12.0 pt
IChO_2026_8_A_10	IChO_2026_T8	classification	False	2.0	76	79	2	1	How do the emission lifetimes of S1 and T1 states change when [Red] increases? Tick the correct box. a) increases b) decreases c) doesn't change	After quenching of the PS, the following equation is derived: −𝑑[𝑆1] 𝑑𝑡 = (𝑘𝐹+ 𝑘𝐼𝐶+ 𝑘𝑆× [𝑅𝑒𝑑]) × [𝑆1] ⇒𝜏= 1 𝑘𝐹+𝑘𝐼𝐶+𝑘𝑆×[𝑅𝑒𝑑] As the concentration of [Red] increases, 𝜏decreases accordingly. a b c × 2.0 pt
IChO_2026_9_A_1	IChO_2026_T9	theory	True	2.0	84	80	1	0	Calculate the molar mass of β-CD. Assume M𝑤(glucose) = 180.16 g mol−1.	𝑀𝑤(𝛽−𝐶𝑦𝑐𝑙𝑜𝑑𝑒𝑥𝑡𝑟𝑖𝑛) = 180.16 ⋅7–18.016 ⋅7 = 1135.01g/mol Mw: β-CD = 1135.01 g/mol 2 points 2.0 pt
IChO_2026_9_A_2	IChO_2026_T9	structure-drawing	False	6.0	85	81	2	0	Tick the favorable chair conformation and draw the structure of K by completing the CD template. Show stereochemistry unambiguously.	Visual-answer notice: the official solution contains essential ticks, structures, tables, graphs, or equations that PDF plain-text extraction may omit. Consult the cited solution PDF page. Since in this reaction we observe the formation of new ring on glucopyranose unit, the bridging atoms should be at axial positions. Therefore, the second conformation will be favoured. 6 points for correct structure, -2 points for incorrect conformation, -1 point for each incorrect substituent/stereocentre, 0 if no new ring is formed. 6.0 pt
IChO_2026_9_A_3	IChO_2026_T9	theory	True	8.0	85	82	2	1	Determine the ring size, 𝑟𝑠, of macrocycle X. Give the number of stereocentres, 𝑠𝑐, in X.	Cleavage of the diol results in reduction of the number of asymmetric atoms in the glucopyranose unit down to three, one of which (the acetal) is pseudochiral. Overall, the macrocycle becomes achiral since it consists of mesobutanetetrol/glycolaldehyde acetal units. The number of atoms in the macrocyclic ring for each repeat unit is five. rs: 35 sc: 21 rs – 4 points; sc – 4 points; 4 points if sc = 14; 2 points if sc = 3 or 2; 8.0 pt
IChO_2026_9_A_4	IChO_2026_T9	structure-drawing	False	3.0	85	83	2	1	Draw the structure of Y with stereochemistry by completing the CD template.	Visual-answer notice: the official solution contains essential ticks, structures, tables, graphs, or equations that PDF plain-text extraction may omit. Consult the cited solution PDF page. Correct structure 3 points. Epoxide with opposite configuration is also accepted; -1 point for any missing or incorrect substituent. 3.0 pt
IChO_2026_9_A_5	IChO_2026_T9	structure-drawing	False	2.0	86	85	2	0	Draw the structure of L on the β-CD template. Fill in all the boxes.	Visual-answer notice: the official solution contains essential ticks, structures, tables, graphs, or equations that PDF plain-text extraction may omit. Consult the cited solution PDF page. Correct structure 2 points. -1 p for each incorrect substituent 0 p if 2 or more incorrect substituents 2.0 pt
IChO_2026_9_A_6	IChO_2026_T9	theory	True	4.0	86	86	2	1	Determine the number of isomers of the β-CD dimer that can form during the synthesis by Sinay et. al.	Due to β-CD consisting of seven units and being chiral, two regioisomers are formed in the alkylation reaction (M-4R, M-1R). Therefore, the dimer would have three isomers with following connections: 4-4, 1-1, 1-4. (Note 4-1 = 1-4) Correct number of isomers 4 points. 4.0 pt
IChO_2026_9_A_7	IChO_2026_T9	theory	True	6.0	87	87	2	1	Calculate the 𝑚/𝑧value for the two [M+Na]+ peaks that were observed for the degradation products from L. Use integer values of atomic mass.	Since we know the chemical formula for the units, we can calculate molecular weights of the two products. Each product should have one unit 2 (black sphere) and 2-3 unit 1s (white sphere). Additionally, we should add C2H3O2, which corresponds to the mass of the OAc group. Therefore: 𝑀1 ∶2C27H28O5 + C22H25O4 + C2H3O2 = C78H84O16 [𝑀1 + Na]+= 1299 𝑀2 ∶3C27H28O5 + C22H25O4 + C2H3O2 = C105H112O21 [𝑀2 + Na]+=1731 [𝑀1 + Na]+ = 1299 [𝑀2 + Na]+= 1731 Each correct answer 3 points, total – 6 points m/z without Na+ 1p each m/z without C2H2O2 1p each 6.0 pt
IChO_2026_9_A_8	IChO_2026_T9	structure-drawing	False	18.0	87	89	2	1	Draw the structures of O-S on the α-CD templates. Fill in all the boxes. You may draw structures outside the boxes if appropriate. Assume 1,2-unit modification happens clockwise, while 1,3-unit modification happens counterclockwise. Protic groups have stronger directing effects than alkenes.	Visual-answer notice: the official solution contains essential ticks, structures, tables, graphs, or equations that PDF plain-text extraction may omit. Consult the cited solution PDF page. O - 2 points, P-S - 4 points, total 18 points. -1 point for incorrect or missing substituents for each structure. Mistakes carried over will be ignored if following structures fit the functional group direction logic. 18.0 pt
IChO_2026_9_A_9	IChO_2026_T9	theory	True	4.0	88	90	2	0	Determine the number of all possible arrangements of the functional groups on a hexadifferentiated α-CD (assume only the CH2OH groups have been modified).	If we have 6 linear positions for 6 coloured balls, the total number of arrangements will be 6! = 720. But in α-CD, positions are in a circle, which makes all arrangements below equal. The correct answer 6!/6 = 120. Correct answer 4 points; if the answer 720 or 60– 2 points, if answer 320 - 1 point. All other answers - 0. 4.0 pt
IChO_2026_10_A_1	IChO_2026_P1	physical-product	False	10.0	13	13	5	0	The lab assistant will collect your product at the end of the exam. Both you and the lab assistant should sign your answer sheet. The organisers will further dry your product in an oven before measuring the mass, however it is important you have vacuum dried the product for 1 hour and broken up any aggregates to remove the vast majority of the water before putting it in the vial. (If the product is not transferred to the vial, it will not be collected and ZERO points will be awarded for the synthesis.)	Visual-answer notice: the official solution contains essential ticks, structures, tables, graphs, or equations that PDF plain-text extraction may omit. Consult the cited solution PDF page. Maximum mass (𝑚𝑚𝑎𝑥) of the product is 1.7 g calculated for 100% theoretical yield. Points will be awarded based on the mass of the synthesised product (𝑚) and purity of the complex (calculated from the melting point). The melting point is measured twice for each sample and the onset point and clear point are recorded. An average value is taken for the start and end of the melting and then the average melting range is calculated (Δ𝑇= 𝑇𝑎𝑣𝑒𝑟 𝑜𝑛𝑠𝑒𝑡−𝑇𝑎𝑣𝑒𝑟 𝑐𝑙𝑒𝑎𝑟). If the start of the melting is above 200 °C, 0 pt are awarded for the synthesis. If the start of the melting is below 190 °C, 0 pt are awarded for the synthesis. If the start of the melting is in range 195-200 °C, the sample is treated as pure and the purity coefficient (PC) is considered as 𝑃𝐶= 1. If the start of the melting is in range 190-195 °C, the sample is treated as impure and the purity coefficient (PC) is calculated as: 𝑃𝐶= 0.2 ∗𝑇𝑎𝑣𝑒𝑟 𝑜𝑛𝑠𝑒𝑡−38. Yield of the pure product is calculated as: 𝑌= 100𝑚∗𝑃𝐶/𝑚𝑚𝑎𝑥 If 87 ≤𝑌< 105, 10 pt are awarded for the synthesis. If 𝑌< 87, points are calculated 𝑝𝑜𝑖𝑛𝑡𝑠= 0.1149 ∗𝑌. If 𝑌≥105, 0 pt are awarded. If the obtained product mass is greater than 1.9 g, 0 pt mark will be awarded for the synthesis. -2 pt penalty is awarded if the melting range is above 4 °C. -10 pt penalty if a residue of a major impropper impurity (e.g. paper, piece of plastic, pieces of gloves) is detected in the product by the naked eye. -2 pt penalty is awarded if small impurities are detected during the melting point determination which does not melt (e.g. pieces of scraped sintered funnel). -2 pt penalty if the product is not a white powder. If the product is not transferred to the vial, it will not be collected and 0 pt mark will be awarded for the synthesis. 10 pt
IChO_2026_10_A_2	IChO_2026_P1	measurement	False	0.0	13	14	3	0	Record the observed volumes (V0, mL – initial burette reading; V𝑓, mL– final burette reading; T, mL - titre). This table is for your convenience and will not be graded.	The table in Q1.2 will not be graded. 0 pt
IChO_2026_10_A_3	IChO_2026_P1	measurement	False	10.0	13	15	3	0	Record your accepted final titre of EDTA (VEDTA, mL).	If Q1.3 is empty, 0pt are given and Q1.2 is not graded. 10 pt
IChO_2026_10_A_4	IChO_2026_P1	experiment-derived	False	1.0	13	15	3	1	Calculate the ratio of X− and M𝑘+ (𝑛𝑋−/𝑛𝑀𝑘+) used in the synthesis according to your result. Round your answer to two decimal places.	𝑛𝑋−can be calculated from the concentration given in the task. 𝑛𝑀𝑘+in sample R1-syn is calculated from the accepted titre (concentration of M𝑘+ in R1-syn is the same as in R1-an): 𝑛𝑀𝑘+ = 𝑉(𝐸𝐷𝑇𝐴) ∗𝑐(𝐸𝐷𝑇𝐴) ∗𝑉(𝑓𝑙𝑎𝑠𝑘)/𝑉(𝑎𝑙𝑖𝑞𝑢𝑜𝑡) Error carried from Q1.3 is not penalised. Full marks are given for correct ratio calculation with wrong volume. 0.5pt points are given if rounded incorrectly (e.g., the calculated value was 3.1234, but the student wrote 3.1 or 3.123; this student will be given 0.5 pt only). 1 pt
IChO_2026_10_A_5	IChO_2026_P1	classification	False	3.0	14	16	3	0	Tick the correct box(es) corresponding to your observation(s) in T1 - T3. (a) No visible change (b) Formation of precipitate (c) Solution became colourless (d) Solution became red or pink	Curated transcription of the graphical official answer: T1: (d); T2: (d); T3: (b), with (c) also allowed for T3. Extracted official solution and rubric: T1: 1 pt for (d); 0 pt for any other option. T2: 1 pt for (d); 0 pt for any other option. T3: 1 pt for (b), option (c) can be chosen (does not affect the final point); 0 pt if (a) or (d) is chosen. 1 pt for each correct answer. 0 pt for each incorrect answer. Each of the tests T1-T3 is graded separately. 3 pt
IChO_2026_10_A_6	IChO_2026_P1	classification	False	1.0	14	17	3	0	Tick the correct box(es) corresponding to your observation(s) in T4. (a) The aqueous phase changed colour (b) The aqueous phase did not change colour (c) The CH2Cl2 phase changed colour (d) The CH2Cl2 phase did not change colour	Curated transcription of the graphical official answer: Choose (c) and exactly one of (a) or (b); (d) is incorrect. Extracted official solution and rubric: 1 pt for choosing both (c) and (a) or both (c) and (b). (a) or (b) should be chosen (the result depends on the concentration), but (a) and (b) can not be chosen together (0 pt for this question in this case). 0 pt if (d) is chosen. 1 pt
IChO_2026_10_A_7	IChO_2026_P1	classification	False	4.0	14	18	3	2	The above tests T1−T4 are designed to identify the components of the complex A. Tick the box(es) that correctly describe(s) the result(s) of each test. (a) Identifies presence of metal M𝑘+ (b) Identifies presence of ligand X− (c) Identifies presence of ligand Py (d) Identifies absence of ligand Py	Curated transcription of the graphical official answer: T1 identifies X−; T2 identifies Mᵏ+; T3 and T4 identify X− and Py. Extracted official solution and rubric: T1 is the ferric thiocyanate test. T2 gives a positive result with different metals, but dithizone-zinc complex yields a characteristic pink colour. T3 and T4 give such a result only with Py and SCN−together which can be checked by additional tests with: 1) Cu2+ with Py, 2) Cu2+ with SCN−, 3) Cu2+ with Py and SCN−together. As a result of the test, the organic phase gets coloured due to formation of Cu(Py)2(SCN)2 and its extraction. T1-T2: 1 pt for each correct answer. T3-T4: 0.5 pt for each correct answer, 1 pt in total. 4 pt
IChO_2026_10_A_8	IChO_2026_P1	classification	False	2.0	14	19	3	2	Identify ligand X−and metal M𝑘+ with its charge in complex A.	Curated transcription of the graphical official answer: Intended identification: X− = SCN− and Mᵏ+ = Zn²+; the rubric also accepts alternatives consistent with the student's observations. Extracted official solution and rubric: X−= SCN−can be identified by test T1 (ferric thiocyanate test). M𝑘+ = Zn2+ can be identified by test T2 (dithizone-zinc complex yields a pink colour) and by additional tests with NH3-buffer or NaOH. The student might suggest another metal/ligand pair that fits the results of the tests and described observations. For instance, test T1 was performed incorrectly and the specific colour change was not observed; thus, option (a) was chosen in Q1.5 T1; as such the student reports X−= OCN−which is graded fully in the question Q1.8, however, the test result in Q1.5 T1 is graded with zero points. 0.5 pt for correct ligand that corresponds to the test results. 1.5 pt for correct metal that corresponds to the test results. If one observation of the student does not match the metal suggested, 1 pt is given for metal determination; if two observations do not match the metal suggested, 0 pt are given for metal determination. -0.5 pt penalty if the metal is specified without a charge. 2 pt
IChO_2026_10_A_9	IChO_2026_P1	classification	False	1.0	15	19	4	2	From the list below, choose the correct description of M𝑘+/X−stoichiometry in the synthesis based on your reported results. Consider as little as an additional 1 mol% as an excess of the reagent. (a) M𝑘+ and X−were used in a stoichiometric amount (b) M𝑘+ was used in excess (c) X−was used in excess	The answer should correspond to the answer in Q1.4 and to metal/ligand ratio from Q1.8 and Q1.10. If the ratio 𝑛𝑋−/𝑛𝑀𝑘+ = 2.09 is reported in Q1.4 and the metal complex formula is reported as 𝑀𝑋2, answer (c) should be graded fully. If the ratio 𝑛𝑋−/𝑛𝑀𝑘+ = 2.00 is reported in Q1.4 and the metal complex formula is reported as 𝑀𝑋2, answer (a) should be graded fully. If the ratio 𝑛𝑋−/𝑛𝑀𝑘+ = 1.95 is reported in Q1.4 and the metal complex formula is reported as 𝑀𝑋2, answer (b) should be graded fully. 1 pt for correct answer that corresponds to Q1.3 and Q1.4. 0 pt here if the titration result is not reported in Q1.3. 0 pt here if the ratio 𝑛𝑋−/𝑛𝑀𝑘+ is not reported in Q1.4. 1 pt
IChO_2026_10_A_10	IChO_2026_P1	experiment-derived	True	1.0	15	20	3	1	Write the molecular formula of complex A assuming it follows the 18-electron rule.	Curated transcription of the graphical official answer: Intended formula: Zn(Py)₂X₂; Zn(Py)₂(SCN)₂ and Zn(Py)₂(NCS)₂ are both accepted. Extracted official solution and rubric: Zn(Py)2X2 If the 18-electron rule is applied correctly on the wrong metal atom and/or ligand X−, full marks are awarded. For example, In(Py)(SCN)3 can be graded fully if the tests in Q1.4-Q1.6 are reported with the following results: - Q1.8, X−= SCN−and M𝑘+ = In3+; - Q1.9, b (as 3 eq. of SCN−is required for it to be in stoichiometric amount with In3+); - Q1.10, In(Py)X3 which corresponds to hypothetically possible complex that fits 18-electron rule. Both options Zn(Py)2(SCN)2 and Zn(Py)2(NCS)2 are graded as correct ones (connectivity of Zn-X is not graded). 1 pt if the answer corresponds to correct ligand/metal ratio and to the tests in Q1.5-Q1.6. 0pt if the answer does not follow 18-electron rule. 1 pt
IChO_2026_11_A_1	IChO_2026_P2	classification	False	50.0	22	28	5	0	Tick the box with the corresponding colour change for each of the enzyme mixtures E1−E5 with substrates S1−S10, relative to the initial colour of E1, E2a, E3, E4, and E5. The colour codes are given below: N - no colour change Y - change to yellow G - change to green B - change to black PR - change to pink/red	Visual-answer notice: the official solution contains essential ticks, structures, tables, graphs, or equations that PDF plain-text extraction may omit. Consult the cited solution PDF page. Curated transcription of the graphical official answer: Official colour matrix, columns S1–S10: E1=[N,PR,N,N,PR,N,PR,N,N,PR]; E2=[G,N,G,N,N,N,G,N,G,N]; E3=[N,N,N,PR,PR,N,N,PR,PR,N]; E4=[N,N,PR,PR,N,PR,N,N,N,PR]; E5=[PR,PR,N,N,N,PR,N,PR,N,N]. Extracted official solution and rubric: For each correct choice per enzyme per substrate colour change: 1 pt. 0 pt if there is more than one choice per enzyme per substrate. Overall score cannot be negative. Total: 50 pt. 50 pt
IChO_2026_11_A_2	IChO_2026_P2	classification	False	2.0	22	28	3	1	Tick the box for the enzyme−substrate pair(s) that gave a positive result.	Visual-answer notice: the official solution contains essential ticks, structures, tables, graphs, or equations that PDF plain-text extraction may omit. Consult the cited solution PDF page. Curated transcription of the graphical official answer: E1→iv, E2→ii, E3→v, E4→iii, E5→i. Extracted official solution and rubric: If Q2.1 is completely correct, in Q2.2: 0.4 pt are awarded for each correct identification of substrates i-v. If Q2.1 positive reactions are different than the correct answer, but the choice of the substrate in Q2.2 follows the order of reactivity: 0.4 pt are awarded for each correct identification of substrates i-v. No points are awarded if the there is more than one possible answer for the substrate based on Q2.1. Overall score cannot be negative. 2 pt
IChO_2026_11_A_3	IChO_2026_P2	classification	False	4.0	22	28	3	2	Tick the boxes for the correct substrates present in S6−S10.	Visual-answer notice: the official solution contains essential ticks, structures, tables, graphs, or equations that PDF plain-text extraction may omit. Consult the cited solution PDF page. Curated transcription of the graphical official answer: S6=i+iii; S7=ii+iv; S8=i+v; S9=ii+v; S10=iii+iv. Extracted official solution and rubric: If Q2.2 is completely correct, in Q2.3: 0.4 pt are awarded for each correct assignment of substrates i-v given that there are only two substrates per S6 - S10. In the case when substrates i-v do not match the official solution in Q2.2, points are awarded in Q2.3 based on whether substrates assigned in Q2.2 would match the reported observations from the reactions between E1-E5 and S6-S10. No points are awarded if the there are more than two answers for the substrates based on Q2.2. Overall score cannot be negative. 4 pt
IChO_2026_11_A_4	IChO_2026_P2	classification	True	1.0	24	30	3	0	Intensely coloured products are formed only in two reactions from the list above. Tick the boxes for the reactions that give coloured products.	Curated transcription of the graphical official answer: The coloured-product reactions are POD and NEZ. Extracted official solution and rubric: Only two answers are possible according to the task. For correct answer: 0.5 pt each. For any 3 or more answers: 0 pt. Overall score cannot be negative. According to the task's text, based on the provided reaction scheme for the enzymatic reactions, coloured products originate only from molecules that have conjugated 𝜋-electrons. The only products that satisfy that condition are found in the reactions POD and NEZ. 1 pt
IChO_2026_11_A_5	IChO_2026_P2	classification	False	5.0	24	31	4	1	Tick the components that are present in reaction mixtures E1−E5.	Visual-answer notice: the official solution contains essential ticks, structures, tables, graphs, or equations that PDF plain-text extraction may omit. Consult the cited solution PDF page. Curated transcription of the graphical official answer: E1={CHE,CHO,POD}; E2={URE,NEZ}; E3={LIP,POD,GPO,GLK}; E4={UOX,POD}; E5={GOD,POD}. Extracted official solution and rubric: If Q2.2 is completely correct, then, for E1: For first correct answer: 0.2 pt, For second correct answer: 0.3 pt, For third correct answer: 0.5 pt are summed up. 0 pt for all wrong or more than three correct answers. For E3: For first correct answers: 0.2 pt, For second correct answer: 0.3 pt, For third and fourth correct answer: 0.5 pt are summed up. If Q2.2 is completely correct, then, for E2, E4 and E5: For first correct answer: 0.5 pt, For second correct answer: 0.5 pt are summed up. 0 pt for all wrong or more than two correct answers. If E1-E5 are assigned different substrates in Q2.2 than the correct answer, substrates are different than the correct answer, the choice of components in Q2.5 is graded according to scheme above for those assigned E1-E5. 5 pt
IChO_2026_11_A_6	IChO_2026_P2	measurement	False	9.0	24	32	3	0	Arrange M1−M3 in increasing order of concentrations for each of F, G, and H substrates based on the performed reactions.	Visual-answer notice: the official solution contains essential ticks, structures, tables, graphs, or equations that PDF plain-text extraction may omit. Consult the cited solution PDF page. Curated transcription of the graphical official answer: F: M3<M1<M2; G: M2<M3<M1; H: M1<M2<M3. Extracted official solution and rubric: For each correct relationship between M1-M3 per substrate F, G, and H: 3 pt. For any wrong answer 0 pt per incorrect answer. One mistake in any substrate: 0 pt. 9 pt
IChO_2026_11_A_7	IChO_2026_P2	classification	False	35.0	25	33	3	0	Tick the box with the corresponding colour change for each of the enzyme mixtures E1−E5 with substances W1−W7. Use the same colour codes as in Q2.1. Compare the colour of the reaction mixtures to the initial colour of E1, E2a, E3, E4, and E5.	Visual-answer notice: the official solution contains essential ticks, structures, tables, graphs, or equations that PDF plain-text extraction may omit. Consult the cited solution PDF page. Curated transcription of the graphical official answer: Official matrix, columns W1–W7: E1=[N,N,N,N,PR,N,N]; E2=[Y,G,Y,Y,Y,Y,G]; E3=[N,N,N,N,PR,N,N]; E4=[N,N,N,N,PR,N,N]; E5=[N,N,N,N,PR,N,N]. Extracted official solution and rubric: For substrates W1–W7: For each correct choice per enzyme per substrate colour change: 1 pt. 0 pt if there is more than one choice per enzyme per substrate. Overall score cannot be negative. Total: 35 pt. 35 pt
IChO_2026_11_A_8	IChO_2026_P2	experiment-derived	False	2.0	25	34	3	1	Write down the balanced reaction equation(s) that describe(s) the positive test(s) in Q2.7.	Visual-answer notice: the official solution contains essential ticks, structures, tables, graphs, or equations that PDF plain-text extraction may omit. Consult the cited solution PDF page. Curated transcription of the graphical official answer: W2: 2 phenol + NH₄Cl + 3 HOCl → indophenol dye + 4 HCl + 3 H₂O. W5: 4-aminoantipyrine + phenol + 4 K₃[Fe(CN)₆] → the shown quinone-imine dye + 4 K₃H[Fe(CN)₆]. W7: p-aminophenol + phenol + 2 HOCl → indophenol dye + 2 HCl + 2 H₂O. Extracted official solution and rubric: For reaction with W2: 0.5 pt. For reaction with W5: 0.75 pt. For reaction with W7: 0.75 pt. For incorrect stoichiometry: –0.25 points penalty. Correct balanced equations (either full or ionic) are graded fully. Overall score for each equation cannot be negative. 2 pt
IChO_2026_12_A_1	IChO_2026_P3	classification	False	2.0	31	40	4	0	Tick the pH value of X3 to the nearest integer.	Visual-answer notice: the official solution contains essential ticks, structures, tables, graphs, or equations that PDF plain-text extraction may omit. Consult the cited solution PDF page. Curated transcription of the graphical official answer: The official checked value is pH = 3. Extracted official solution and rubric: 2 pt
IChO_2026_12_A_2	IChO_2026_P3	measurement	False	0.0	31	41	6	0	Record your results for the titration of solutions X3–X6. You may sketch the titration curves on the provided grids, but they will not be graded.	Experimental data table; this item is not graded in the official rubric.
IChO_2026_12_A_3	IChO_2026_P3	measurement	False	50.0	32	42	4	1	Determine the ranges of NaOH volume (in mL) that correspond to the equivalence points during the titrations of X3–X6. Tick the appropriate boxes based on your results from Q3.2. For example, if the equivalence point lies in the range 4.0 < 𝑉 ≤4.5, you must tick the box as shown below:	Visual-answer notice: the official solution contains essential ticks, structures, tables, graphs, or equations that PDF plain-text extraction may omit. Consult the cited solution PDF page. For X3: 𝑉NaOH,1 = Box or Box+1, 𝑉NaOH,2 = Box' For X4: 𝑉NaOH = Box For X5: 𝑉NaOH = Box For X6: 𝑉NaOH,1= Box, 𝑉NaOH,2 = Box' or Box'+1 For X3 (Jump 1): Box or Box+1: 7.5 pt Box-1 or Box+2: 3 pt For X3 (Jump 2): Box': 7.5 pt Box'-1 or Box'+1: 5 pt Box'-2 or Box'+2: 2.5 pt Each extra choice: –3 pt Overall mark cannot be negative. For X4: Box: 10 pt Box-1 or Box+1: 4 pt Each extra choice: –4 pt Overall mark cannot be negative. For X5: Box: 10 pt Box-1 or Box+1: 4 pt Each extra choice: –4 pt Overall mark cannot be negative. For X6 (Jump 1): Box or Box+1: 7.5 pt Box-1 or Box+2: 3 pt For X6 (Jump 2): Box': 7.5 pt Box'-1 or Box'+1: 3 pt Each extra choice: –3 pt Overall mark cannot be negative. Q3.3 is not graded based on Q3.2. Only the answer specified in Q3.3 is graded. If Q3.3 is not answered, the pH jumps are identified according to data in Q3.2 and graded with a 50% penalty. 50 pt
IChO_2026_12_A_4	IChO_2026_P3	experiment-derived	False	12.0	32	43	3	1	Determine the composition of X1–X6. Tick the appropriate boxes.	Curated transcription of the graphical official answer: X1=HB; X2=HA+H₂C; X3=H₂C; X4=HA+HB; X5=HA; X6=HB+H₂C. Extracted official solution and rubric: Each correct answer: 2 pt. For extra tick: 0 pt for both chosen acid(s) and mixture(s). 12 pt SOLUTION (explanation): The strong acid HA must have a concentration of ca. 1 mM to have a pH of 3. Its titration would result in a curve with a single pH jump and the volume of NaOH at the equivalence point of ca. 1⋅10−3⋅50 0.01 = 5 mL. This is observed in the titration of X5 with the titre of MV±0.25 mL. Next, it is best to analyse X3 and X6, which exhibit two pH jumps. In the case of X3, the volume of NaOH to reach the first equivalence point is almost the same as the volume of NaOH to further reach the second equivalence point. This is only possible for either H2C with two pK𝑎values that are rather different from each other, or for the 1:1 mixture of HA and HB, when the acids get titrated separately, meaning that pK𝑎for HB is relatively high, so HB is very weak. With the titre of MV±0.25 mL NaOH to reach the first equivalence point, the solution X3 would either contain x mM H2C or x/2 mM HA + x/2 mM HB. However, it would be impossible to reach pH 3 with these concentrations of HA and HB if HB is a very weak acid. Therefore X3 is H2C, which seems to be a rather strong acid in the first step but weak in the second step. In the case of X6, we observe that the volume of NaOH to reach the first equivalence point is approximately two times larger than the volume of NaOH to further reach the second equivalence point. For 1:1 mixtures of given acids, it is only possible for HA + H2C or for HB + H2C. Knowing that H2C shows two distinct pH jumps when titrated, the first jump for X6 is due to the neutralisation of either HA and H2C (first proton) or HB and H2C (first proton). With the titre of MV±0.25 mL NaOH to reach the first equivalence point, the solution X6 would then contain y mM HA/HB and y mM H2C. However, as the pH of the initial solution is 3, it cannot contain y mM of strong acid HA with the same amount of a rather strong acid H2C. Therefore, we can conclude that X6 is 1:1 HB+H2C, while X2 must be 1:1 HA+H2C, as there are no other curves left with two pH jumps and 2:1 titre ratio. X1 and X4 exhibit single pH jumps, and the only acids left are HB and the 1:1 mixture of HA+HB. The much larger titre of 34.75 mL for X1 than MV±0.25 mL for X4 indicates that X1 is the solution of a weak acid HB. This is due to a higher concentration of a weak acid alone, rather than its mixture with the strong acid HA, which will be needed to create a solution with pH 3. Therefore. X1 is HB, and X4 is 1:1 HA+HB.
IChO_2026_12_A_5	IChO_2026_P3	experiment-derived	True	1.0	32	44	3	2	Give the pH of the resulting solution after mixing equal volumes of X1–X6.	Curated transcription of the graphical official answer: pH = 3; mixing equal volumes preserves the relevant concentration and acid/conjugate-base ratios. Extracted official solution and rubric: After mixing of equal volumes of X3–X6 (or X1–X6 in general), firstly, the concentration of H+ doesn’t change, because the moles of H+ and the volume of solution increase by the same amount. Secondly, in the following equilibria, the ratios of acid and conjugate base don’t change because they depend only on [H+]: Thus, pH remains unchanged. Students can mix equal volumes of available solutions (X3–X6) and measure the pH of the resulting solution. pH = 3 1 pt for the correct answer. The answer must be consistent with Q3.1 or Q3.2. 1 pt
IChO_2026_12_A_6	IChO_2026_P3	classification	False	9.0	33	45	3	0	Arrange the colours of Y2 in order of increasing pH using the colour abbreviations listed below. Red/pink Yellow Green Blue Violet R Y G B V	Curated transcription of the graphical official answer: Increasing-pH colour order: R < V < B < G < Y. Extracted official solution and rubric: To identify the colour changes of Y2, the student can add this indicator into X3– X6 during titration with the pH meter and determine the colour of this indicator at different pH values. The best solutions are X3 and X6, because they contain a polyprotic acid H2C and form more stable pH regions. Another option is making solutions with different pH by dilution of solutions of HCl and NaOH. Correct order: R < V < B < G < Y R in the first position: 1 pt, R in the second position: 0.5 pt R < V (only when next to each other): 2 pt V < B (only when next to each other): 2 pt B < G (only when next to each other): 2 pt G in the fourth position: 1 pt, G in the fifth position: 0.5 pt Y in the fifth position: 1 pt Reverse order (Y < G < B < V < R): 3 pt 9 pt
IChO_2026_12_A_7	IChO_2026_P3	classification	True	2.0	33	46	3	1	Arrange A–D according to which structures are most dominant as the pH is changed from low to high.	Visual-answer notice: the official solution contains essential ticks, structures, tables, graphs, or equations that PDF plain-text extraction may omit. Consult the cited solution PDF page. Curated transcription of the graphical official answer: Full-credit order: B < A < D < C; B < A < C < D receives partial credit. Extracted official solution and rubric: The molecular formulae are: If the formulae are compared: B is the protonated form of A in an acidic medium. A is a neutral molecule. D is the form of A, which lost 1 acidic proton in a basic medium. C is the form of D, to which one water molecule has added in a more basic medium. The opening of the ring is slower than protonation/deprotonation reactions, which is consistent with the much slower colour change from green to yellow at higher pH compared to other colour changes. Fully correct answer (B < A < D < C): 2 pt Correct order of charges, but D and C swapped (B < A < C < D): 1 pt 2 pt
IChO_2026_12_A_8	IChO_2026_P3	classification	False	10.0	34	47	3	0	Tick the appropriate boxes for the pH ranges of the colour changes of Y1.	Curated transcription of the graphical official answer: Full-credit ranges allow 4–5 and/or 5–6 for the first transition, and 8–9 and/or 9–10 for the second. Extracted official solution and rubric: One can use the same method as in Q3.6 for determining the order of the colour changes of Y1. Choice of 4–5 and/or 5–6 for the first transition: 5 pt. Choice of 8–9 and/or 9–10 for the second transition: 5 pt. Extra choice: –5 pt. Overall score cannot be negative. 10 pt
IChO_2026_12_A_9	IChO_2026_P3	experiment-derived	False	1.0	34	47	3	1	Determine the composition of Y1. Tick the appropriate boxes.	Curated transcription of the graphical official answer: Intended composition: methyl red (MR) + thymol blue (TB); MR + BTB is conditionally accepted when Q3.8 reports the lower second-transition range. Extracted official solution and rubric: The observed colours: pH 2 to 4 – red, pH 5 – orange (mix of red and yellow), pH 6 to 9 – yellow, pH 10 to 12 – green (mix of yellow and blue). This corresponds to methyl red (MR) and thymol blue (TB). Bromothymol blue (BTB) can also be accepted instead of TB if pH of the second transition was indicated in Q3.8 as 6–7 and/or 7–8. Each correct answer: 0.5 pt Ticking more than two boxes: 0 pt. 1 pt
